Loan_ID,Gender,Married,Dependents,Education,Self_Employed,ApplicantIncome,CoapplicantIncome,LoanAmount,Loan_Amount_Term,Credit_History,Property_Area,Loan_Status,TotalIncome
LP1000,Male,No,0,Graduate,No,8641,4940,172,360,1,Urban,Y,13581
LP1001,Female,Yes,0,Graduate,No,5201,0,58,360,1,Urban,Y,5201
LP1002,Female,Yes,0,Graduate,No,3284,936,81,240,1,Semiurban,Y,4220
LP1003,Male,Yes,0,Graduate,No,5586,0,24,360,1,Urban,Y,5586
LP1004,Male,Yes,0,Graduate,No,3535,1890,27,120,1,Rural,Y,5425
LP1005,Male,No,0,Graduate,No,3142,3612,21,360,1,Semiurban,Y,6754
LP1006,Male,No,0,Graduate,No,2497,0,10,360,1,Urban,Y,2497
LP1007,Female,No,2,Graduate,No,1852,2507,52,360,1,Urban,Y,4359
LP1008,Male,Yes,0,Not Graduate,No,3659,2392,70,360,1,Semiurban,Y,6051
LP1009,Female,Yes,0,Graduate,No,4813,0,57,180,1,Semiurban,Y,4813
LP1010,Male,No,0,Graduate,No,4237,11089,135,240,1,Urban,Y,15326
LP1011,Female,No,1,Graduate,No,3612,0,60,360,1,Urban,Y,3612
LP1012,Female,Yes,0,Graduate,No,2771,1265,51,360,1,Rural,Y,4036
LP1013,Male,No,0,Graduate,No,6028,670,93,360,1,Urban,Y,6698
LP1014,Male,No,0,Graduate,No,2302,0,10,360,1,Semiurban,N,2302
LP1015,Male,Yes,1,Not Graduate,Yes,6555,1955,66,360,1,Rural,Y,8510
LP1016,Male,Yes,3+,Graduate,No,2694,2490,28,360,1,Semiurban,Y,5184
LP1017,Male,Yes,1,Graduate,Yes,3053,2148,48,360,0,Urban,N,5201
LP1018,Male,Yes,1,Graduate,No,2136,2852,69,360,1,Semiurban,Y,4988
LP1019,Male,Yes,1,Graduate,No,3461,6651,115,360,1,Urban,Y,10112
LP1020,Male,No,0,Graduate,No,7242,3015,93,360,1,Semiurban,Y,10257
LP1021,Male,Yes,0,Graduate,No,5755,703,72,360,1,Semiurban,Y,6458
LP1022,Male,Yes,1,Graduate,Yes,7253,6163,111,360,1,Rural,Y,13416
LP1023,Male,Yes,3+,Graduate,Yes,5774,7915,181,84,1,Rural,Y,13689
LP1024,Male,Yes,0,Graduate,No,2561,30849,366,360,1,Rural,Y,33410
LP1025,Female,No,1,Not Graduate,No,3769,658,77,360,1,Rural,N,4427
LP1026,Male,Yes,0,Graduate,No,3011,2250,45,360,1,Semiurban,N,5261
LP1027,Male,Yes,0,Not Graduate,No,8650,278,86,360,1,Urban,Y,8928
LP1028,Male,No,0,Graduate,Yes,2445,2975,41,120,0,Semiurban,N,5420
LP1029,Male,Yes,0,Not Graduate,No,6952,0,99,360,1,Semiurban,Y,6952
LP1030,Male,Yes,2,Graduate,No,6950,10210,173,300,1,Rural,Y,17160
LP1031,Male,Yes,0,Not Graduate,No,11101,900,149,60,1,Urban,Y,12001
LP1032,Male,Yes,1,Not Graduate,No,3623,0,31,360,1,Rural,Y,3623
LP1033,Female,Yes,2,Graduate,Yes,6350,1183,34,360,1,Rural,Y,7533
LP1034,Female,Yes,3+,Not Graduate,No,13916,306,144,360,1,Rural,Y,14222
LP1035,Female,Yes,0,Graduate,No,3266,0,10,360,1,Rural,Y,3266
LP1036,Male,Yes,0,Graduate,No,2064,0,66,360,1,Urban,Y,2064
LP1037,Male,Yes,0,Graduate,No,1737,0,10,360,1,Urban,Y,1737
LP1038,Female,Yes,3+,Graduate,No,6351,279,66,360,1,Urban,Y,6630
LP1039,Male,Yes,3+,Graduate,No,1734,0,17,360,1,Urban,Y,1734
LP1040,Male,Yes,0,Graduate,No,3692,0,37,360,1,Semiurban,Y,3692
LP1041,Male,No,2,Graduate,No,5534,2501,106,360,1,Rural,Y,8035
LP1042,Male,Yes,0,Graduate,No,4878,0,78,360,1,Rural,Y,4878
LP1043,Female,No,1,Not Graduate,No,5501,0,61,240,1,Semiurban,Y,5501
LP1044,Male,Yes,0,Graduate,No,4970,0,36,360,1,Urban,Y,4970
LP1045,Female,Yes,2,Graduate,No,8429,2767,80,360,1,Urban,Y,11196
LP1046,Male,Yes,0,Graduate,No,2762,528,19,360,1,Urban,Y,3290
LP1047,Male,No,2,Graduate,No,3170,3082,54,360,1,Urban,Y,6252
LP1048,Male,Yes,2,Graduate,No,3022,159,38,360,1,Semiurban,N,3181
LP1049,Male,Yes,1,Graduate,No,6735,1026,78,360,1,Urban,Y,7761
LP1050,Female,Yes,0,Graduate,No,6976,1165,108,240,1,Urban,Y,8141
LP1051,Female,No,0,Not Graduate,Yes,5573,0,47,360,1,Urban,Y,5573
LP1052,Female,Yes,0,Graduate,No,8036,0,88,360,1,Semiurban,Y,8036
LP1053,Female,No,0,Graduate,Yes,2468,510,63,360,1,Semiurban,Y,2978
LP1054,Male,Yes,0,Graduate,No,10235,745,131,180,0,Semiurban,N,10980
LP1055,Female,Yes,3+,Graduate,Yes,9524,0,104,360,1,Semiurban,Y,9524
LP1056,Male,Yes,1,Graduate,No,6424,1684,75,360,1,Rural,Y,8108
LP1057,Male,Yes,0,Graduate,No,10839,0,105,120,1,Urban,Y,10839
LP1058,Male,Yes,0,Graduate,No,1942,1173,13,360,0,Semiurban,N,3115
LP1059,Male,Yes,0,Graduate,No,3421,3383,62,360,0,Semiurban,N,6804
LP1060,Male,No,1,Not Graduate,No,3079,0,53,360,1,Semiurban,Y,3079
LP1061,Male,Yes,0,Not Graduate,No,6379,1670,84,240,1,Rural,Y,8049
LP1062,Female,Yes,3+,Graduate,No,2631,0,10,360,1,Urban,Y,2631
LP1063,Male,Yes,0,Graduate,Yes,6495,502,122,84,1,Semiurban,Y,6997
LP1064,Male,Yes,3+,Graduate,No,8824,0,106,360,1,Urban,Y,8824
LP1065,Male,Yes,2,Graduate,Yes,6296,3660,75,240,1,Semiurban,Y,9956
LP1066,Male,Yes,0,Graduate,No,5125,0,46,360,1,Urban,Y,5125
LP1067,Female,Yes,3+,Graduate,No,2714,1358,48,360,1,Urban,N,4072
LP1068,Male,No,0,Graduate,No,2912,895,85,120,1,Semiurban,Y,3807
LP1069,Female,No,2,Graduate,No,8307,1431,80,360,1,Semiurban,Y,9738
LP1070,Female,Yes,0,Graduate,No,6566,0,97,360,1,Urban,Y,6566
LP1071,Male,Yes,2,Not Graduate,Yes,4361,3722,125,360,1,Semiurban,Y,8083
LP1072,Male,Yes,2,Not Graduate,No,3608,0,24,360,0,Semiurban,N,3608
LP1073,Female,Yes,2,Graduate,No,1615,0,11,360,0,Urban,N,1615
LP1074,Female,Yes,2,Graduate,No,2603,642,10,180,1,Semiurban,Y,3245
LP1075,Female,Yes,0,Not Graduate,No,11565,0,66,360,1,Semiurban,Y,11565
LP1076,Female,No,0,Graduate,No,2344,0,25,360,0,Semiurban,N,2344
LP1077,Male,No,0,Not Graduate,No,4889,4277,118,360,1,Semiurban,Y,9166
LP1078,Male,Yes,0,Graduate,No,7359,2879,141,360,1,Urban,Y,10238
LP1079,Male,Yes,1,Not Graduate,No,2374,1481,24,180,1,Semiurban,Y,3855
LP1080,Female,Yes,0,Graduate,No,4877,1772,25,360,1,Rural,Y,6649
LP1081,Male,No,3+,Not Graduate,No,7108,973,89,360,1,Semiurban,Y,8081
LP1082,Male,Yes,1,Not Graduate,No,4475,0,57,300,0,Urban,N,4475
LP1083,Male,Yes,2,Graduate,No,18661,3602,254,360,1,Semiurban,Y,22263
LP1084,Male,No,0,Graduate,No,1931,422,18,120,1,Rural,Y,2353
LP1085,Male,Yes,2,Not Graduate,Yes,7550,2368,113,120,1,Urban,Y,9918
LP1086,Female,No,3+,Graduate,No,4079,0,83,240,1,Rural,Y,4079
LP1087,Male,Yes,0,Not Graduate,No,6542,1244,96,360,1,Rural,Y,7786
LP1088,Female,Yes,1,Graduate,No,5545,0,52,240,1,Urban,Y,5545
LP1089,Male,Yes,2,Graduate,No,3082,0,22,240,1,Rural,Y,3082
LP1090,Male,No,0,Graduate,Yes,4987,0,51,360,1,Urban,Y,4987
LP1091,Male,No,0,Graduate,No,1756,2576,89,360,1,Rural,Y,4332
LP1092,Female,No,0,Graduate,No,6013,931,73,360,1,Semiurban,Y,6944
LP1093,Male,Yes,0,Graduate,No,5162,2128,81,360,0,Semiurban,N,7290
LP1094,Female,No,0,Graduate,No,6120,2736,86,360,1,Semiurban,N,8856
LP1095,Male,Yes,0,Graduate,Yes,7548,0,111,360,1,Rural,Y,7548
LP1096,Male,Yes,0,Graduate,No,5344,0,108,360,1,Urban,Y,5344
LP1097,Male,No,0,Not Graduate,Yes,4789,0,64,360,1,Semiurban,Y,4789
LP1098,Male,Yes,3+,Not Graduate,No,2863,6741,109,360,1,Urban,Y,9604
LP1099,Male,Yes,0,Graduate,No,3115,2707,66,360,1,Urban,Y,5822
LP1100,Male,Yes,3+,Not Graduate,No,8050,4297,78,60,1,Urban,Y,12347
LP1101,Male,Yes,0,Graduate,No,9119,0,120,360,1,Semiurban,Y,9119
LP1102,Male,Yes,0,Graduate,No,3948,0,47,360,1,Urban,Y,3948
LP1103,Male,Yes,0,Not Graduate,No,4551,0,61,360,1,Urban,Y,4551
LP1104,Female,Yes,0,Graduate,No,2829,768,22,360,1,Urban,Y,3597
LP1105,Male,No,0,Graduate,No,7993,2408,106,180,1,Urban,Y,10401
LP1106,Male,No,1,Not Graduate,No,6203,741,67,60,1,Semiurban,Y,6944
LP1107,Female,Yes,0,Graduate,Yes,11738,1023,167,360,1,Rural,Y,12761
LP1108,Male,Yes,1,Not Graduate,No,2866,2144,46,300,1,Urban,Y,5010
LP1109,Male,Yes,1,Not Graduate,No,3681,2363,119,360,1,Rural,Y,6044
LP1110,Male,Yes,0,Graduate,No,4993,0,66,360,1,Semiurban,Y,4993
LP1111,Male,Yes,0,Not Graduate,No,6144,4668,88,360,1,Semiurban,Y,10812
LP1112,Female,Yes,2,Graduate,No,3992,3025,75,60,0,Semiurban,Y,7017
LP1113,Female,Yes,0,Graduate,Yes,2874,0,16,360,0,Rural,N,2874
LP1114,Male,Yes,0,Graduate,No,6910,453,27,180,1,Urban,N,7363
LP1115,Female,Yes,3+,Not Graduate,No,6378,1587,128,120,1,Semiurban,Y,7965
LP1116,Female,Yes,0,Graduate,No,2813,1210,62,360,1,Semiurban,Y,4023
LP1117,Male,No,1,Graduate,Yes,8758,2002,133,360,1,Semiurban,Y,10760
LP1118,Female,No,3+,Graduate,No,7983,1304,107,120,1,Rural,Y,9287
LP1119,Male,Yes,0,Graduate,No,4756,297,22,360,1,Urban,Y,5053
LP1120,Female,No,0,Graduate,No,4628,0,39,360,1,Semiurban,Y,4628
LP1121,Female,Yes,0,Graduate,Yes,5867,0,86,360,0,Semiurban,N,5867
LP1122,Male,No,0,Graduate,No,2890,0,10,360,1,Urban,Y,2890
LP1123,Male,No,0,Graduate,No,4514,0,10,360,1,Urban,Y,4514
LP1124,Male,Yes,1,Not Graduate,No,1516,8191,102,360,1,Semiurban,Y,9707
LP1125,Male,Yes,0,Graduate,No,6893,324,77,360,1,Rural,Y,7217
LP1126,Female,Yes,0,Graduate,No,2037,0,26,360,1,Semiurban,Y,2037
LP1127,Female,Yes,3+,Not Graduate,No,9431,1478,139,60,1,Rural,Y,10909
LP1128,Male,Yes,2,Graduate,Yes,3770,0,58,84,1,Semiurban,Y,3770
LP1129,Male,Yes,1,Not Graduate,No,4000,0,51,360,1,Urban,Y,4000
LP1130,Male,Yes,0,Graduate,No,3249,0,66,360,1,Urban,Y,3249
LP1131,Male,Yes,0,Not Graduate,No,3851,1276,19,60,1,Urban,N,5127
LP1132,Male,No,0,Graduate,No,9039,0,113,360,0,Semiurban,N,9039
LP1133,Male,Yes,0,Graduate,No,1282,6493,102,360,1,Urban,Y,7775
LP1134,Female,Yes,0,Graduate,No,8421,1632,81,60,0,Semiurban,N,10053
LP1135,Male,Yes,2,Not Graduate,No,5266,2207,45,240,1,Semiurban,Y,7473
LP1136,Male,Yes,0,Graduate,No,2432,0,10,180,1,Urban,Y,2432
LP1137,Female,No,0,Graduate,No,2598,0,12,180,1,Urban,Y,2598
LP1138,Male,Yes,0,Graduate,No,10282,0,133,360,1,Urban,Y,10282
LP1139,Female,Yes,0,Graduate,No,2772,1063,27,360,0,Semiurban,N,3835
LP1140,Female,Yes,2,Graduate,No,2498,0,10,180,1,Urban,Y,2498
LP1141,Male,Yes,1,Graduate,No,7853,1930,93,360,1,Urban,Y,9783
LP1142,Male,No,2,Not Graduate,No,5267,469,92,360,1,Rural,Y,5736
LP1143,Male,No,0,Graduate,No,2782,897,41,240,1,Rural,Y,3679
LP1144,Male,Yes,0,Graduate,No,4956,6100,118,240,1,Urban,Y,11056
LP1145,Male,Yes,0,Graduate,No,2663,0,27,360,1,Semiurban,N,2663
LP1146,Male,Yes,0,Graduate,No,7711,0,118,240,1,Urban,Y,7711
LP1147,Male,No,0,Graduate,No,7560,0,65,120,1,Rural,Y,7560
LP1148,Male,No,2,Graduate,No,5802,1387,113,180,0,Semiurban,Y,7189
LP1149,Male,Yes,0,Graduate,No,5329,0,64,360,1,Urban,Y,5329
LP1150,Female,Yes,0,Graduate,No,10728,0,115,360,1,Semiurban,Y,10728
LP1151,Male,No,0,Graduate,No,4446,2228,137,360,1,Semiurban,Y,6674
LP1152,Male,Yes,0,Not Graduate,No,2463,0,10,360,1,Urban,Y,2463
LP1153,Male,No,0,Not Graduate,No,5568,898,63,360,1,Urban,Y,6466
LP1154,Female,Yes,3+,Graduate,No,12620,7353,191,360,1,Semiurban,Y,19973
LP1155,Male,Yes,2,Not Graduate,Yes,2677,0,54,360,1,Urban,Y,2677
LP1156,Female,Yes,0,Graduate,No,3712,0,83,60,1,Urban,Y,3712
LP1157,Female,Yes,0,Graduate,No,5477,0,103,360,1,Semiurban,Y,5477
LP1158,Male,Yes,0,Graduate,No,4329,1453,95,180,1,Urban,Y,5782
LP1159,Male,No,0,Graduate,No,2721,330,29,180,1,Rural,Y,3051
LP1160,Male,Yes,0,Not Graduate,No,7793,1201,91,360,1,Urban,Y,8994
LP1161,Male,Yes,2,Graduate,No,14186,709,124,60,0,Urban,N,14895
LP1162,Male,Yes,0,Graduate,No,4905,1046,117,360,1,Semiurban,Y,5951
LP1163,Male,Yes,0,Graduate,No,2830,0,43,360,0,Rural,N,2830
LP1164,Male,Yes,0,Graduate,No,2050,0,10,240,1,Rural,Y,2050
LP1165,Female,Yes,0,Graduate,No,5059,2179,114,360,1,Semiurban,Y,7238
LP1166,Male,No,1,Graduate,No,7723,0,61,180,1,Urban,Y,7723
LP1167,Male,Yes,0,Graduate,No,5640,0,73,360,1,Semiurban,Y,5640
LP1168,Male,Yes,0,Not Graduate,No,4442,818,54,120,1,Semiurban,Y,5260
LP1169,Male,Yes,0,Not Graduate,No,3312,9126,154,360,1,Urban,Y,12438
LP1170,Female,No,0,Graduate,No,2576,933,37,360,0,Rural,N,3509
LP1171,Male,No,2,Not Graduate,No,6751,8027,128,360,1,Urban,Y,14778
LP1172,Male,No,2,Graduate,No,7023,0,80,180,1,Rural,Y,7023
LP1173,Male,Yes,3+,Graduate,No,2053,1812,69,240,1,Rural,Y,3865
LP1174,Male,Yes,2,Graduate,No,9847,0,66,360,1,Semiurban,Y,9847
LP1175,Male,Yes,0,Graduate,No,5926,0,85,360,1,Rural,Y,5926
LP1176,Female,Yes,1,Not Graduate,No,8953,1636,92,360,1,Semiurban,Y,10589
LP1177,Male,Yes,0,Graduate,No,2273,0,25,60,1,Urban,Y,2273
LP1178,Female,Yes,0,Graduate,Yes,2246,1719,28,360,1,Semiurban,N,3965
LP1179,Male,Yes,2,Graduate,No,4128,0,65,120,0,Urban,N,4128
LP1180,Male,Yes,0,Graduate,No,5718,4033,109,240,1,Semiurban,Y,9751
LP1181,Male,No,3+,Not Graduate,No,10918,1815,159,360,1,Semiurban,Y,12733
LP1182,Female,Yes,0,Graduate,No,6330,3156,133,360,0,Semiurban,N,9486
LP1183,Female,Yes,1,Graduate,No,3939,7899,149,360,1,Urban,Y,11838
LP1184,Male,No,1,Graduate,Yes,2662,0,36,240,1,Semiurban,Y,2662
LP1185,Female,Yes,2,Graduate,No,8226,2393,93,360,1,Rural,Y,10619
LP1186,Female,No,1,Graduate,No,2745,461,36,360,1,Urban,Y,3206
LP1187,Male,Yes,0,Graduate,No,10039,0,98,240,1,Semiurban,Y,10039
LP1188,Male,Yes,0,Graduate,Yes,3858,2565,63,360,1,Urban,Y,6423
LP1189,Male,No,0,Graduate,No,9851,1660,119,360,1,Semiurban,Y,11511
LP1190,Male,No,0,Not Graduate,No,6245,0,45,360,1,Urban,Y,6245
LP1191,Female,No,0,Not Graduate,No,4153,2251,22,360,1,Semiurban,Y,6404
LP1192,Female,Yes,0,Graduate,No,3430,0,21,240,0,Urban,N,3430
LP1193,Male,Yes,1,Graduate,No,3750,4989,102,360,1,Urban,Y,8739
LP1194,Male,Yes,0,Graduate,No,5509,0,28,360,1,Rural,Y,5509
LP1195,Male,Yes,0,Graduate,No,4622,923,62,120,1,Urban,Y,5545
LP1196,Female,No,1,Graduate,No,3305,4408,133,360,0,Semiurban,Y,7713
LP1197,Female,Yes,0,Graduate,No,4094,1487,66,84,1,Urban,N,5581
LP1198,Female,No,0,Graduate,No,4625,2904,125,84,1,Semiurban,Y,7529
LP1199,Female,Yes,0,Graduate,No,1534,1177,40,360,0,Semiurban,N,2711
LP1200,Male,Yes,3+,Graduate,Yes,5592,1007,103,360,1,Urban,Y,6599
LP1201,Male,Yes,1,Graduate,Yes,2725,0,12,180,0,Urban,N,2725
LP1202,Male,No,0,Graduate,No,2498,1829,32,360,1,Urban,Y,4327
LP1203,Female,No,0,Graduate,No,1913,2785,10,360,1,Semiurban,N,4698
LP1204,Male,No,0,Graduate,No,1814,1420,66,180,0,Rural,N,3234
LP1205,Male,No,2,Graduate,No,2258,346,67,360,1,Semiurban,Y,2604
LP1206,Male,No,1,Graduate,No,3120,1225,34,120,1,Semiurban,Y,4345
LP1207,Female,No,0,Graduate,No,11809,3694,166,360,1,Urban,Y,15503
LP1208,Male,Yes,0,Graduate,No,3419,1383,35,360,0,Urban,N,4802
LP1209,Male,Yes,0,Graduate,Yes,4860,0,64,360,1,Urban,Y,4860
LP1210,Male,Yes,1,Not Graduate,No,5433,4393,137,300,1,Urban,Y,9826
LP1211,Female,No,2,Graduate,Yes,4748,953,20,180,1,Urban,Y,5701
LP1212,Female,No,0,Graduate,Yes,4278,451,63,240,1,Semiurban,Y,4729
LP1213,Male,Yes,0,Graduate,No,2446,1565,38,360,1,Semiurban,Y,4011
LP1214,Female,No,0,Graduate,No,9186,0,105,360,1,Rural,Y,9186
LP1215,Male,No,3+,Graduate,No,10977,758,142,360,1,Urban,Y,11735
LP1216,Male,Yes,0,Graduate,No,1917,1544,34,360,1,Semiurban,Y,3461
LP1217,Female,Yes,2,Graduate,No,2665,0,27,360,1,Rural,Y,2665
LP1218,Male,No,1,Not Graduate,No,3866,1793,58,360,1,Semiurban,Y,5659
LP1219,Female,Yes,0,Graduate,Yes,2746,0,55,360,1,Urban,Y,2746
LP1220,Female,No,0,Not Graduate,No,5727,0,74,300,0,Urban,N,5727
LP1221,Male,Yes,0,Not Graduate,No,3090,0,40,360,1,Urban,Y,3090
LP1222,Male,No,1,Graduate,No,13128,2323,140,300,1,Urban,Y,15451
LP1223,Male,No,2,Not Graduate,Yes,8065,1143,93,360,1,Semiurban,Y,9208
LP1224,Male,No,1,Graduate,No,4946,844,87,360,1,Urban,Y,5790
LP1225,Male,Yes,0,Not Graduate,No,7432,1068,95,360,1,Urban,Y,8500
LP1226,Male,No,0,Graduate,No,7731,1175,115,360,1,Semiurban,Y,8906
LP1227,Male,No,3+,Graduate,No,3354,0,81,360,1,Rural,Y,3354
LP1228,Female,Yes,2,Graduate,No,2957,0,59,360,0,Semiurban,N,2957
LP1229,Male,No,0,Graduate,No,4624,949,64,360,1,Semiurban,Y,5573
LP1230,Female,Yes,3+,Graduate,No,6842,0,63,360,1,Semiurban,Y,6842
LP1231,Male,Yes,1,Graduate,No,4767,1708,10,180,1,Urban,Y,6475
LP1232,Male,Yes,1,Graduate,No,2021,2582,47,120,0,Semiurban,N,4603
LP1233,Male,Yes,1,Graduate,No,2977,2292,50,360,1,Semiurban,Y,5269
LP1234,Male,Yes,2,Graduate,No,4286,5743,121,360,1,Rural,Y,10029
LP1235,Female,No,1,Graduate,No,4282,0,44,360,1,Urban,Y,4282
LP1236,Male,Yes,0,Not Graduate,No,11924,0,124,360,1,Semiurban,Y,11924
LP1237,Male,No,0,Graduate,No,2224,1157,10,360,1,Urban,Y,3381
LP1238,Male,Yes,3+,Not Graduate,No,5726,4854,94,360,1,Semiurban,Y,10580
LP1239,Male,Yes,0,Graduate,No,9363,442,121,360,1,Urban,Y,9805
LP1240,Female,Yes,0,Graduate,No,13846,0,197,360,1,Urban,Y,13846
LP1241,Female,No,0,Graduate,No,3633,3023,72,360,1,Rural,Y,6656
LP1242,Female,Yes,0,Not Graduate,No,5686,2251,96,180,1,Semiurban,Y,7937
LP1243,Male,Yes,1,Graduate,No,5913,678,97,180,1,Semiurban,Y,6591
LP1244,Male,No,3+,Graduate,No,4904,0,34,300,1,Urban,Y,4904
LP1245,Female,Yes,0,Graduate,No,4233,755,65,180,1,Urban,Y,4988
LP1246,Male,Yes,0,Not Graduate,No,5530,1997,65,360,1,Semiurban,Y,7527
LP1247,Female,Yes,0,Graduate,No,1254,0,36,120,1,Rural,Y,1254
LP1248,Male,No,2,Graduate,No,6254,2820,105,120,1,Rural,Y,9074
LP1249,Female,Yes,1,Graduate,Yes,4737,138,62,360,0,Semiurban,N,4875
LP1250,Male,No,0,Graduate,No,3979,836,34,360,0,Semiurban,N,4815
LP1251,Male,Yes,2,Graduate,No,12375,656,162,84,1,Rural,Y,13031
LP1252,Female,No,2,Graduate,No,3173,0,87,360,1,Semiurban,Y,3173
LP1253,Male,No,2,Graduate,No,3635,1114,28,60,1,Semiurban,Y,4749
LP1254,Male,No,3+,Graduate,No,12037,3707,166,360,1,Urban,Y,15744
LP1255,Male,Yes,0,Graduate,No,2934,339,42,360,1,Semiurban,Y,3273
LP1256,Female,No,2,Not Graduate,No,3378,1884,78,360,1,Semiurban,Y,5262
LP1257,Female,Yes,0,Not Graduate,No,4132,2988,65,360,0,Rural,N,7120
LP1258,Male,Yes,2,Graduate,No,6771,0,10,240,1,Rural,Y,6771
LP1259,Male,Yes,1,Graduate,No,4934,1172,102,84,0,Urban,N,6106
LP1260,Male,No,2,Graduate,No,2330,2421,72,360,1,Semiurban,Y,4751
LP1261,Female,No,1,Not Graduate,No,3408,0,10,360,1,Rural,Y,3408
LP1262,Male,No,0,Graduate,No,3282,210,24,240,1,Urban,Y,3492
LP1263,Male,Yes,0,Graduate,No,4279,3867,130,360,1,Urban,Y,8146
LP1264,Male,Yes,3+,Graduate,No,5502,1799,117,360,1,Urban,Y,7301
LP1265,Female,No,3+,Graduate,No,5481,0,84,360,1,Semiurban,Y,5481
LP1266,Female,Yes,0,Graduate,No,1830,525,22,180,1,Urban,Y,2355
LP1267,Female,Yes,0,Graduate,No,7570,0,86,240,0,Semiurban,Y,7570
LP1268,Male,Yes,0,Graduate,No,5046,9720,161,360,1,Urban,Y,14766
LP1269,Male,Yes,1,Graduate,No,8886,2638,156,360,1,Rural,Y,11524
LP1270,Female,Yes,2,Graduate,Yes,5553,2319,66,84,0,Urban,N,7872
LP1271,Female,Yes,0,Graduate,No,7713,1822,86,180,1,Urban,Y,9535
LP1272,Female,Yes,0,Graduate,No,5615,440,93,360,1,Semiurban,Y,6055
LP1273,Female,Yes,2,Graduate,No,8718,6124,164,360,1,Semiurban,Y,14842
LP1274,Male,No,1,Not Graduate,No,5774,1043,110,180,1,Urban,Y,6817
LP1275,Male,Yes,0,Graduate,No,4235,2847,62,360,0,Urban,N,7082
LP1276,Female,Yes,1,Graduate,No,13852,443,157,360,1,Urban,Y,14295
LP1277,Male,No,0,Graduate,No,6936,625,61,360,1,Semiurban,Y,7561
LP1278,Female,Yes,0,Graduate,No,5925,6579,139,360,1,Rural,Y,12504
LP1279,Female,No,1,Graduate,No,2349,1323,10,360,1,Semiurban,Y,3672
LP1280,Female,No,1,Graduate,No,2335,6687,88,360,1,Semiurban,Y,9022
LP1281,Male,Yes,2,Not Graduate,No,5148,0,21,180,0,Semiurban,N,5148
LP1282,Male,Yes,1,Graduate,No,4783,0,70,360,1,Urban,Y,4783
LP1283,Male,No,2,Graduate,No,3271,4035,99,360,1,Rural,Y,7306
LP1284,Male,No,0,Graduate,No,4772,1063,22,360,1,Rural,Y,5835
LP1285,Male,Yes,0,Graduate,No,9841,3391,180,60,1,Urban,Y,13232
LP1286,Male,Yes,0,Graduate,No,6296,1850,153,120,1,Urban,Y,8146
LP1287,Male,Yes,0,Graduate,Yes,2514,0,29,360,0,Urban,N,2514
LP1288,Male,No,1,Graduate,Yes,4206,2096,54,240,1,Urban,Y,6302
LP1289,Male,Yes,3+,Graduate,No,2974,13051,249,360,1,Semiurban,Y,16025
LP1290,Male,No,0,Graduate,Yes,3663,2818,39,84,1,Semiurban,Y,6481
LP1291,Male,Yes,0,Graduate,No,3616,1717,60,360,1,Rural,Y,5333
LP1292,Female,Yes,2,Graduate,No,3502,0,43,180,1,Semiurban,Y,3502
LP1293,Male,Yes,0,Graduate,No,2374,0,60,360,1,Semiurban,Y,2374
LP1294,Male,Yes,1,Not Graduate,No,4172,2183,80,360,1,Semiurban,Y,6355
LP1295,Male,Yes,1,Graduate,No,3360,677,32,300,0,Urban,N,4037
LP1296,Female,Yes,1,Graduate,No,1028,2232,12,360,1,Urban,Y,3260
LP1297,Male,Yes,0,Graduate,No,12413,0,129,360,1,Semiurban,Y,12413
LP1298,Male,No,0,Graduate,No,7665,0,60,360,1,Urban,Y,7665
LP1299,Male,Yes,2,Graduate,No,3684,6516,115,180,1,Urban,Y,10200
LP1300,Male,Yes,1,Graduate,No,4489,1665,54,360,0,Rural,Y,6154
LP1301,Male,No,0,Not Graduate,No,2475,813,10,360,0,Semiurban,N,3288
LP1302,Male,No,2,Graduate,No,10382,0,147,300,1,Urban,Y,10382
LP1303,Male,No,0,Graduate,Yes,11483,1397,131,360,0,Semiurban,N,12880
LP1304,Female,No,0,Graduate,No,4809,0,22,360,1,Rural,Y,4809
LP1305,Female,Yes,0,Not Graduate,No,7419,0,78,60,0,Urban,N,7419
LP1306,Male,Yes,3+,Graduate,No,4854,1713,75,360,1,Urban,Y,6567
LP1307,Male,No,0,Graduate,No,2279,0,10,360,1,Rural,Y,2279
LP1308,Female,No,0,Graduate,No,3619,0,49,360,1,Urban,Y,3619
LP1309,Male,Yes,0,Graduate,Yes,4750,300,30,240,0,Urban,N,5050
LP1310,Male,No,0,Graduate,No,3543,659,89,360,1,Semiurban,Y,4202
LP1311,Male,Yes,2,Graduate,Yes,3987,4173,104,300,1,Rural,Y,8160
LP1312,Male,Yes,3+,Graduate,No,4248,1605,55,240,1,Urban,Y,5853
LP1313,Female,Yes,0,Graduate,No,4271,0,29,360,1,Urban,Y,4271
LP1314,Female,Yes,0,Graduate,No,4565,0,48,180,1,Urban,Y,4565
LP1315,Female,Yes,0,Graduate,No,2617,684,52,360,0,Rural,N,3301
LP1316,Male,Yes,2,Graduate,Yes,3107,293,37,360,1,Urban,Y,3400
LP1317,Male,No,1,Not Graduate,No,2340,1651,39,240,0,Semiurban,N,3991
LP1318,Male,Yes,0,Not Graduate,No,7251,0,82,300,1,Rural,Y,7251
LP1319,Male,Yes,0,Graduate,No,1552,758,11,360,1,Urban,N,2310
LP1320,Male,No,1,Not Graduate,No,7917,0,79,360,1,Rural,Y,7917
LP1321,Female,No,0,Not Graduate,No,8894,2509,75,360,1,Rural,Y,11403
LP1322,Female,No,1,Not Graduate,No,3823,11895,199,360,1,Rural,Y,15718
LP1323,Male,No,0,Graduate,Yes,1210,464,26,360,1,Urban,Y,1674
LP1324,Female,No,2,Graduate,No,3712,5133,79,360,1,Semiurban,Y,8845
LP1325,Female,Yes,0,Graduate,Yes,4307,4341,144,180,1,Rural,Y,8648
LP1326,Male,Yes,1,Graduate,No,2683,897,42,360,1,Rural,Y,3580
LP1327,Male,Yes,0,Graduate,No,3437,2171,36,360,1,Urban,Y,5608
LP1328,Male,Yes,1,Graduate,No,9558,0,128,240,1,Rural,Y,9558
LP1329,Male,Yes,0,Graduate,No,6201,2137,103,240,1,Urban,Y,8338
LP1330,Male,No,1,Graduate,No,2801,0,41,360,1,Urban,Y,2801
LP1331,Female,Yes,1,Graduate,No,2001,3118,46,360,1,Semiurban,Y,5119
LP1332,Male,Yes,0,Graduate,No,3776,2858,85,360,1,Rural,Y,6634
LP1333,Male,Yes,1,Not Graduate,No,3997,1227,52,360,1,Semiurban,Y,5224
LP1334,Male,No,1,Not Graduate,No,5699,475,82,360,1,Semiurban,Y,6174
LP1335,Male,Yes,2,Not Graduate,Yes,3403,0,10,180,1,Rural,Y,3403
LP1336,Female,No,0,Not Graduate,No,5743,5356,112,360,1,Semiurban,Y,11099
LP1337,Female,Yes,2,Graduate,No,11703,457,66,360,1,Semiurban,Y,12160
LP1338,Male,Yes,0,Not Graduate,No,6686,700,63,360,1,Urban,Y,7386
LP1339,Male,Yes,0,Graduate,Yes,4341,0,33,360,1,Semiurban,Y,4341
LP1340,Male,No,0,Graduate,No,4058,745,42,360,1,Semiurban,Y,4803
LP1341,Male,Yes,0,Graduate,No,3721,886,21,84,1,Rural,Y,4607
LP1342,Male,No,2,Graduate,Yes,8025,0,34,360,1,Semiurban,Y,8025
LP1343,Male,Yes,1,Graduate,No,3250,0,30,360,1,Rural,Y,3250
LP1344,Male,Yes,2,Graduate,No,4549,752,62,360,1,Urban,Y,5301
LP1345,Male,No,0,Not Graduate,No,4562,3405,87,60,0,Urban,N,7967
LP1346,Male,No,0,Graduate,Yes,3460,557,41,360,1,Semiurban,Y,4017
LP1347,Male,No,0,Graduate,No,2239,429,31,360,1,Urban,Y,2668
LP1348,Male,No,0,Not Graduate,No,5226,1026,95,120,1,Urban,Y,6252
LP1349,Male,No,0,Graduate,No,4313,3494,82,360,1,Semiurban,Y,7807
LP1350,Male,No,0,Graduate,No,5711,0,49,360,1,Urban,Y,5711
LP1351,Female,No,0,Graduate,Yes,3406,0,31,360,1,Urban,Y,3406
LP1352,Female,No,1,Graduate,No,8188,1882,126,360,1,Semiurban,Y,10070
LP1353,Male,No,1,Graduate,No,2869,376,71,360,1,Semiurban,Y,3245
LP1354,Male,Yes,3+,Not Graduate,Yes,10467,2822,132,180,1,Rural,Y,13289
LP1355,Male,No,3+,Graduate,No,1856,2553,51,360,0,Semiurban,N,4409
LP1356,Male,Yes,1,Graduate,No,5527,0,70,360,1,Semiurban,Y,5527
LP1357,Male,No,0,Not Graduate,No,5640,4471,88,360,0,Rural,N,10111
LP1358,Female,No,1,Graduate,Yes,2988,0,34,360,0,Rural,N,2988
LP1359,Male,Yes,2,Graduate,No,5498,4990,80,360,1,Urban,Y,10488
LP1360,Male,No,0,Graduate,No,8432,2078,73,60,1,Urban,Y,10510
LP1361,Male,Yes,0,Graduate,No,1468,1336,40,360,1,Semiurban,Y,2804
LP1362,Male,Yes,2,Graduate,Yes,5718,1776,74,360,1,Semiurban,Y,7494
LP1363,Male,No,0,Graduate,No,1278,0,19,360,1,Rural,Y,1278
LP1364,Female,Yes,1,Graduate,No,2744,5422,90,360,1,Semiurban,Y,8166
LP1365,Male,No,1,Not Graduate,No,10043,0,87,360,1,Semiurban,Y,10043
LP1366,Female,No,0,Graduate,No,3325,910,46,360,1,Rural,Y,4235
LP1367,Female,Yes,0,Graduate,No,2473,4595,48,360,1,Semiurban,Y,7068
LP1368,Male,Yes,0,Graduate,No,4028,1058,91,360,1,Urban,Y,5086
LP1369,Male,Yes,0,Graduate,No,12506,4066,150,240,1,Rural,Y,16572
LP1370,Male,Yes,0,Graduate,No,1780,0,15,360,1,Urban,Y,1780
LP1371,Male,No,2,Graduate,No,2629,1259,17,360,1,Rural,Y,3888
LP1372,Male,Yes,0,Not Graduate,No,9402,0,119,360,1,Rural,Y,9402
LP1373,Female,Yes,0,Graduate,No,11258,640,124,360,1,Semiurban,Y,11898
LP1374,Male,Yes,0,Graduate,No,4223,0,34,360,1,Semiurban,Y,4223
LP1375,Male,Yes,3+,Graduate,No,2393,0,48,360,1,Semiurban,N,2393
LP1376,Female,No,0,Graduate,No,12682,2768,172,360,1,Urban,Y,15450
LP1377,Male,Yes,0,Graduate,No,9870,1011,134,180,1,Urban,Y,10881
LP1378,Female,No,2,Graduate,No,6245,0,45,120,1,Semiurban,Y,6245
LP1379,Male,Yes,2,Graduate,No,2963,2844,29,360,0,Semiurban,N,5807
LP1380,Male,Yes,0,Graduate,No,4339,282,54,360,1,Semiurban,Y,4621
LP1381,Male,Yes,2,Not Graduate,No,4104,1359,53,60,1,Urban,Y,5463
LP1382,Male,Yes,0,Not Graduate,No,5247,0,74,360,1,Semiurban,N,5247
LP1383,Female,No,0,Not Graduate,No,9187,2149,124,360,1,Rural,Y,11336
LP1384,Female,Yes,0,Not Graduate,No,6903,10441,198,360,1,Semiurban,Y,17344
LP1385,Female,No,0,Graduate,No,2595,4549,39,360,1,Semiurban,Y,7144
LP1386,Male,No,1,Not Graduate,No,8851,1004,157,360,0,Rural,N,9855
LP1387,Male,Yes,0,Graduate,No,5201,1853,74,360,1,Semiurban,Y,7054
LP1388,Female,Yes,0,Not Graduate,Yes,6270,1733,66,360,1,Semiurban,Y,8003
LP1389,Female,No,1,Not Graduate,No,9258,435,87,360,1,Rural,Y,9693
LP1390,Male,Yes,2,Graduate,No,2551,0,36,240,1,Urban,Y,2551
LP1391,Male,Yes,0,Not Graduate,No,4368,0,16,360,0,Rural,N,4368
LP1392,Male,Yes,1,Graduate,No,3409,289,52,360,1,Urban,Y,3698
LP1393,Female,Yes,0,Graduate,No,2031,0,14,360,1,Urban,Y,2031
LP1394,Male,Yes,2,Graduate,No,5289,1445,76,180,1,Rural,Y,6734
LP1395,Female,No,1,Graduate,No,15612,401,195,240,0,Urban,N,16013
LP1396,Female,No,3+,Graduate,No,1772,0,10,360,1,Semiurban,Y,1772
LP1397,Male,No,0,Graduate,No,4376,3444,70,360,1,Rural,Y,7820
LP1398,Female,No,0,Not Graduate,No,6126,2218,66,360,1,Rural,Y,8344
LP1399,Female,Yes,0,Graduate,No,4729,1351,120,180,1,Rural,Y,6080
LP1400,Male,No,0,Not Graduate,Yes,4203,3079,77,360,0,Urban,N,7282
LP1401,Female,Yes,0,Not Graduate,No,2322,3335,78,360,1,Semiurban,Y,5657
LP1402,Male,Yes,3+,Not Graduate,No,4996,2384,79,360,1,Urban,Y,7380
LP1403,Female,Yes,0,Not Graduate,No,3046,861,92,180,1,Semiurban,Y,3907
LP1404,Male,Yes,0,Graduate,No,1488,2319,10,360,1,Rural,Y,3807
LP1405,Male,No,2,Not Graduate,No,8081,0,92,360,1,Urban,Y,8081
LP1406,Male,No,0,Graduate,No,7181,0,39,60,0,Semiurban,N,7181
LP1407,Male,Yes,2,Graduate,No,4563,11946,121,240,1,Semiurban,Y,16509
LP1408,Female,Yes,0,Graduate,No,4987,0,63,60,1,Semiurban,Y,4987
LP1409,Male,No,0,Graduate,No,7610,0,88,84,1,Rural,Y,7610
LP1410,Male,Yes,0,Graduate,No,4975,987,59,360,1,Urban,Y,5962
LP1411,Female,Yes,0,Graduate,Yes,6988,0,75,360,1,Semiurban,Y,6988
LP1412,Female,Yes,3+,Graduate,No,3832,377,124,360,1,Rural,N,4209
LP1413,Male,No,0,Graduate,No,8570,1106,101,120,0,Semiurban,Y,9676
LP1414,Male,No,0,Graduate,No,5221,677,78,360,1,Urban,Y,5898
LP1415,Male,Yes,0,Graduate,Yes,4900,2042,61,84,1,Semiurban,Y,6942
LP1416,Male,Yes,0,Graduate,No,2357,0,34,360,1,Urban,Y,2357
LP1417,Male,No,2,Graduate,No,5133,3234,87,240,1,Urban,Y,8367
LP1418,Female,No,0,Graduate,No,2934,214,25,360,0,Rural,N,3148
LP1419,Female,Yes,1,Graduate,No,3232,11360,208,360,0,Semiurban,N,14592
LP1420,Female,No,3+,Not Graduate,No,2958,2358,88,240,1,Rural,Y,5316
LP1421,Female,Yes,1,Graduate,No,2609,0,32,360,1,Rural,Y,2609
LP1422,Male,Yes,3+,Graduate,No,12867,2083,109,240,1,Semiurban,Y,14950
LP1423,Male,No,0,Graduate,No,8653,0,87,360,1,Urban,Y,8653
LP1424,Male,Yes,0,Graduate,No,11617,992,208,180,1,Semiurban,Y,12609
LP1425,Male,Yes,0,Not Graduate,No,2413,2161,45,360,1,Urban,Y,4574
LP1426,Male,Yes,1,Graduate,Yes,4608,0,79,360,1,Rural,Y,4608
LP1427,Female,Yes,3+,Graduate,No,2329,0,62,180,1,Urban,Y,2329
LP1428,Male,Yes,0,Graduate,No,3141,0,40,360,0,Urban,N,3141
LP1429,Male,Yes,1,Graduate,No,2810,498,16,360,1,Semiurban,Y,3308
LP1430,Male,No,0,Graduate,No,8265,2062,54,360,1,Urban,Y,10327
LP1431,Female,Yes,1,Graduate,No,3648,0,58,360,1,Urban,Y,3648
LP1432,Male,Yes,0,Graduate,No,7587,2874,96,360,1,Semiurban,Y,10461
LP1433,Male,Yes,3+,Graduate,No,6015,0,71,180,1,Urban,Y,6015
LP1434,Male,No,1,Graduate,Yes,14070,2421,152,360,1,Urban,Y,16491
LP1435,Female,Yes,0,Not Graduate,No,2122,0,17,360,1,Urban,Y,2122
LP1436,Male,No,0,Not Graduate,No,8347,3849,66,360,1,Semiurban,Y,12196
LP1437,Female,Yes,0,Graduate,Yes,7889,533,100,360,1,Semiurban,Y,8422
LP1438,Female,No,0,Graduate,No,2733,804,11,360,1,Semiurban,N,3537
LP1439,Male,Yes,0,Graduate,No,7358,759,120,84,1,Semiurban,Y,8117
LP1440,Male,No,2,Graduate,No,5261,4779,97,120,1,Urban,Y,10040
LP1441,Female,No,1,Graduate,No,3969,4224,49,360,1,Rural,Y,8193
LP1442,Male,No,0,Not Graduate,No,2945,2803,61,360,1,Urban,Y,5748
LP1443,Male,No,0,Not Graduate,No,3104,4744,88,120,1,Semiurban,Y,7848
LP1444,Female,No,2,Graduate,No,12393,819,151,360,1,Rural,Y,13212
LP1445,Female,Yes,1,Graduate,No,4449,0,83,360,0,Rural,N,4449
LP1446,Female,Yes,0,Not Graduate,No,6575,1615,85,360,1,Urban,Y,8190
LP1447,Female,Yes,1,Graduate,No,2995,0,66,360,1,Urban,Y,2995
LP1448,Male,No,0,Graduate,No,3011,1630,24,300,1,Semiurban,Y,4641
LP1449,Male,Yes,0,Graduate,No,7639,1279,120,180,1,Urban,Y,8918
LP1450,Female,No,0,Graduate,No,2265,2942,62,360,1,Rural,Y,5207
LP1451,Male,Yes,0,Graduate,No,3613,0,30,360,1,Semiurban,Y,3613
LP1452,Male,Yes,0,Graduate,No,4523,0,10,240,1,Semiurban,Y,4523
LP1453,Male,Yes,3+,Not Graduate,No,4702,1711,107,120,0,Urban,N,6413
LP1454,Male,No,2,Graduate,Yes,4066,697,22,360,1,Semiurban,Y,4763
LP1455,Male,Yes,1,Graduate,No,5420,191,48,360,1,Semiurban,Y,5611
LP1456,Male,Yes,0,Graduate,No,6288,2166,103,360,0,Rural,N,8454
LP1457,Male,Yes,0,Graduate,No,6421,3128,76,240,1,Urban,Y,9549
LP1458,Male,Yes,0,Graduate,No,2716,2289,18,240,1,Urban,Y,5005
LP1459,Male,Yes,0,Graduate,No,3858,0,10,360,1,Urban,Y,3858
LP1460,Male,Yes,0,Not Graduate,No,8082,1318,122,180,1,Urban,Y,9400
LP1461,Male,No,0,Graduate,No,6956,0,64,360,1,Semiurban,Y,6956
LP1462,Female,Yes,2,Not Graduate,Yes,2239,6203,167,360,1,Rural,Y,8442
LP1463,Male,Yes,0,Graduate,Yes,5301,0,34,360,1,Semiurban,Y,5301
LP1464,Female,Yes,0,Graduate,No,1654,5596,58,360,1,Rural,Y,7250
LP1465,Male,Yes,2,Graduate,No,4553,0,36,360,1,Urban,Y,4553
LP1466,Male,Yes,0,Graduate,No,11486,0,134,360,1,Urban,Y,11486
LP1467,Female,Yes,0,Graduate,No,2768,652,26,360,1,Urban,Y,3420
LP1468,Male,Yes,0,Graduate,Yes,2930,0,48,360,0,Urban,N,2930
LP1469,Female,Yes,0,Graduate,No,6516,0,48,360,1,Rural,Y,6516
LP1470,Male,No,2,Not Graduate,No,2056,1983,10,360,1,Urban,Y,4039
LP1471,Female,No,0,Not Graduate,Yes,3241,0,10,360,1,Semiurban,Y,3241
LP1472,Male,No,0,Not Graduate,No,5992,0,11,360,1,Semiurban,Y,5992
LP1473,Female,Yes,2,Graduate,Yes,3238,243,26,360,1,Rural,Y,3481
LP1474,Male,Yes,2,Not Graduate,No,3952,2217,61,120,1,Urban,Y,6169
LP1475,Female,Yes,2,Graduate,No,6452,1091,68,180,0,Urban,Y,7543
LP1476,Male,Yes,0,Graduate,No,5490,1099,104,120,0,Urban,Y,6589
LP1477,Male,No,0,Graduate,No,5082,3382,125,360,0,Semiurban,N,8464
LP1478,Male,Yes,3+,Graduate,No,3753,0,33,360,0,Urban,N,3753
LP1479,Male,Yes,2,Graduate,No,5351,1415,30,180,1,Rural,Y,6766
LP1480,Male,Yes,0,Graduate,No,4180,1331,47,360,1,Semiurban,Y,5511
LP1481,Female,No,0,Not Graduate,Yes,5591,2836,79,360,0,Semiurban,N,8427
LP1482,Male,Yes,0,Graduate,No,3469,533,28,360,1,Semiurban,Y,4002
LP1483,Male,Yes,3+,Graduate,No,4059,0,28,240,0,Urban,N,4059
LP1484,Male,Yes,0,Graduate,No,2711,2971,47,360,1,Semiurban,Y,5682
LP1485,Female,Yes,0,Not Graduate,No,4370,3335,76,60,1,Rural,Y,7705
LP1486,Male,Yes,0,Graduate,No,2965,316,21,120,1,Rural,Y,3281
LP1487,Male,Yes,1,Graduate,No,2548,0,34,360,0,Rural,N,2548
LP1488,Female,Yes,2,Not Graduate,Yes,5061,0,65,180,1,Rural,Y,5061
LP1489,Female,Yes,0,Not Graduate,Yes,4946,0,32,360,1,Urban,Y,4946
LP1490,Male,Yes,2,Graduate,No,6578,2787,136,240,1,Urban,Y,9365
LP1491,Male,Yes,3+,Graduate,No,3585,0,15,360,1,Urban,Y,3585
LP1492,Male,Yes,0,Graduate,No,5454,0,20,240,1,Urban,N,5454
LP1493,Male,No,0,Graduate,No,5857,1155,87,360,1,Urban,Y,7012
LP1494,Male,No,0,Graduate,No,5555,0,41,300,1,Semiurban,Y,5555
LP1495,Male,Yes,2,Not Graduate,Yes,2943,2361,67,360,1,Semiurban,Y,5304
LP1496,Male,Yes,1,Graduate,No,4792,5658,56,360,1,Rural,Y,10450
LP1497,Male,Yes,1,Graduate,No,5335,2345,120,240,1,Semiurban,Y,7680
LP1498,Female,Yes,2,Graduate,No,4463,638,73,240,1,Rural,Y,5101
LP1499,Female,No,0,Graduate,No,1567,545,10,360,1,Urban,Y,2112
LP1500,Female,Yes,3+,Graduate,No,4819,447,22,360,0,Urban,Y,5266
LP1501,Male,No,0,Graduate,No,13444,0,191,360,1,Semiurban,Y,13444
LP1502,Male,Yes,0,Graduate,No,3714,0,23,300,1,Urban,Y,3714
LP1503,Female,Yes,1,Graduate,No,3090,0,13,240,1,Urban,Y,3090
LP1504,Female,No,2,Graduate,No,5360,3861,46,240,1,Urban,Y,9221
LP1505,Male,No,0,Graduate,No,5199,5149,106,360,1,Urban,Y,10348
LP1506,Female,No,2,Not Graduate,No,8074,1073,96,360,1,Semiurban,Y,9147
LP1507,Female,No,3+,Graduate,No,2371,639,51,360,1,Semiurban,Y,3010
LP1508,Female,Yes,0,Graduate,No,6410,0,36,120,1,Semiurban,Y,6410
LP1509,Female,No,3+,Graduate,No,5974,2633,58,360,1,Semiurban,Y,8607
LP1510,Male,Yes,0,Graduate,Yes,4142,1992,79,120,1,Semiurban,Y,6134
LP1511,Male,No,0,Graduate,No,5268,0,84,360,1,Urban,Y,5268
LP1512,Female,Yes,0,Graduate,No,7441,2418,70,360,1,Urban,Y,9859
LP1513,Female,No,2,Not Graduate,No,6879,0,103,360,1,Urban,Y,6879
LP1514,Male,Yes,1,Graduate,No,2511,5799,93,360,0,Semiurban,N,8310
LP1515,Male,Yes,0,Graduate,No,6701,2951,135,360,1,Semiurban,Y,9652
LP1516,Male,Yes,0,Graduate,No,4306,0,46,360,1,Semiurban,Y,4306
LP1517,Female,No,1,Not Graduate,Yes,4612,2872,20,360,1,Urban,Y,7484
LP1518,Female,Yes,0,Graduate,No,4613,0,47,240,0,Semiurban,N,4613
LP1519,Male,Yes,2,Graduate,No,4125,3572,112,360,1,Semiurban,Y,7697
LP1520,Male,Yes,2,Graduate,No,8070,515,73,360,1,Semiurban,Y,8585
LP1521,Male,Yes,0,Graduate,No,4265,0,38,360,1,Semiurban,Y,4265
LP1522,Female,No,3+,Not Graduate,No,2541,617,31,360,0,Semiurban,N,3158
LP1523,Female,Yes,0,Graduate,No,3653,2338,10,240,0,Semiurban,N,5991
LP1524,Female,No,3+,Graduate,No,4863,845,105,360,0,Semiurban,N,5708
LP1525,Male,Yes,1,Not Graduate,No,8222,0,66,240,1,Urban,Y,8222
LP1526,Male,Yes,1,Not Graduate,Yes,6012,1754,99,360,1,Semiurban,Y,7766
LP1527,Male,No,0,Not Graduate,Yes,2907,430,35,360,1,Urban,Y,3337
LP1528,Male,No,2,Graduate,No,15407,0,203,360,1,Urban,Y,15407
LP1529,Female,Yes,0,Graduate,No,5077,0,67,360,0,Rural,N,5077
LP1530,Female,Yes,0,Graduate,No,8414,0,88,360,1,Rural,Y,8414
LP1531,Female,No,0,Graduate,No,4122,1810,44,180,1,Urban,Y,5932
LP1532,Female,Yes,1,Graduate,No,5806,0,84,360,1,Semiurban,Y,5806
LP1533,Male,No,0,Graduate,No,6766,764,37,360,1,Urban,Y,7530
LP1534,Female,No,1,Graduate,No,8177,1064,119,360,1,Semiurban,Y,9241
LP1535,Female,No,2,Graduate,No,7545,1197,70,360,1,Rural,Y,8742
LP1536,Female,Yes,0,Not Graduate,No,6878,3909,151,360,1,Rural,Y,10787
LP1537,Male,No,1,Graduate,No,3799,8182,137,360,1,Semiurban,Y,11981
LP1538,Male,Yes,0,Not Graduate,No,3341,876,63,360,1,Urban,Y,4217
LP1539,Male,Yes,2,Graduate,No,5252,0,60,360,1,Semiurban,Y,5252
LP1540,Female,Yes,2,Graduate,No,7091,0,35,180,1,Urban,Y,7091
LP1541,Male,Yes,0,Graduate,No,3978,617,30,120,1,Rural,Y,4595
LP1542,Male,No,1,Graduate,No,7575,0,101,360,1,Rural,Y,7575
LP1543,Female,No,0,Graduate,Yes,9194,535,112,360,1,Semiurban,Y,9729
LP1544,Male,No,0,Graduate,Yes,2813,435,66,84,1,Urban,Y,3248
LP1545,Male,Yes,2,Graduate,No,2926,0,43,360,1,Urban,Y,2926
LP1546,Male,Yes,0,Graduate,No,4146,1491,38,360,0,Urban,Y,5637
LP1547,Female,Yes,0,Graduate,No,5186,2544,66,360,1,Rural,Y,7730
LP1548,Male,No,0,Graduate,No,3421,3366,78,360,0,Semiurban,N,6787
LP1549,Female,Yes,2,Not Graduate,No,8744,2296,65,360,1,Urban,Y,11040
LP1550,Male,No,0,Not Graduate,No,5497,3268,139,300,1,Semiurban,Y,8765
LP1551,Female,Yes,0,Graduate,No,4536,0,61,180,1,Rural,Y,4536
LP1552,Male,Yes,1,Graduate,No,2169,621,62,240,0,Urban,N,2790
LP1553,Male,No,2,Graduate,No,2303,4685,38,180,1,Rural,Y,6988
LP1554,Female,Yes,0,Not Graduate,No,5118,1064,100,360,1,Rural,Y,6182
LP1555,Male,No,0,Graduate,No,1531,0,66,360,0,Rural,N,1531
LP1556,Male,No,0,Graduate,No,7378,0,49,120,1,Semiurban,Y,7378
LP1557,Male,Yes,0,Not Graduate,No,4109,795,74,300,1,Urban,Y,4904
LP1558,Male,Yes,0,Graduate,No,22506,1242,264,360,0,Urban,N,23748
LP1559,Male,Yes,0,Not Graduate,No,14100,0,118,60,1,Urban,Y,14100
LP1560,Female,No,1,Graduate,Yes,4061,2474,85,360,1,Urban,Y,6535
LP1561,Male,Yes,1,Graduate,No,4217,806,77,360,1,Semiurban,Y,5023
LP1562,Male,Yes,0,Graduate,No,7316,1166,79,360,0,Semiurban,N,8482
LP1563,Male,Yes,0,Not Graduate,No,10421,0,145,360,1,Rural,Y,10421
LP1564,Male,No,0,Not Graduate,No,1961,0,10,360,1,Urban,N,1961
LP1565,Male,Yes,3+,Graduate,No,1820,0,10,360,1,Semiurban,Y,1820
LP1566,Male,No,1,Graduate,No,3258,5230,98,360,1,Rural,Y,8488
LP1567,Male,No,0,Graduate,No,5951,5064,123,360,1,Semiurban,Y,11015
LP1568,Female,Yes,1,Not Graduate,No,5701,518,51,360,0,Rural,N,6219
LP1569,Male,Yes,0,Graduate,Yes,7592,3596,145,84,0,Semiurban,N,11188
LP1570,Male,No,1,Graduate,No,2441,1724,60,360,1,Rural,Y,4165
LP1571,Female,Yes,0,Graduate,No,1397,1101,49,360,1,Urban,Y,2498
LP1572,Male,No,0,Not Graduate,No,6830,2103,96,360,1,Semiurban,Y,8933
LP1573,Male,Yes,2,Graduate,No,2939,0,48,360,1,Urban,Y,2939
LP1574,Female,Yes,0,Graduate,No,1621,0,10,240,1,Urban,Y,1621
LP1575,Male,No,2,Graduate,No,4782,820,114,360,0,Urban,N,5602
LP1576,Male,Yes,0,Not Graduate,No,6612,3527,92,240,0,Urban,N,10139
LP1577,Female,Yes,1,Graduate,No,4184,0,99,360,1,Urban,Y,4184
LP1578,Male,Yes,1,Graduate,No,3537,2197,65,360,1,Urban,Y,5734
LP1579,Male,Yes,0,Not Graduate,No,4106,1376,27,360,1,Urban,Y,5482
LP1580,Male,Yes,0,Graduate,No,3695,0,75,360,1,Rural,Y,3695
LP1581,Male,Yes,0,Graduate,No,2266,0,28,360,1,Urban,Y,2266
LP1582,Male,No,0,Graduate,Yes,3111,0,56,360,0,Semiurban,N,3111
LP1583,Male,Yes,0,Not Graduate,No,5771,10412,210,360,0,Urban,N,16183
LP1584,Male,No,1,Graduate,No,5223,0,66,360,1,Rural,Y,5223
LP1585,Male,Yes,3+,Not Graduate,Yes,4837,1056,51,84,0,Rural,N,5893
LP1586,Male,No,2,Graduate,No,2704,2523,82,360,1,Semiurban,Y,5227
LP1587,Male,Yes,2,Graduate,No,4061,3059,79,360,1,Semiurban,Y,7120
LP1588,Male,No,2,Graduate,Yes,1497,0,34,360,1,Urban,Y,1497
LP1589,Male,Yes,1,Not Graduate,No,4862,1717,19,360,1,Rural,Y,6579
LP1590,Male,Yes,0,Graduate,No,9085,2616,141,360,0,Rural,N,11701
LP1591,Male,Yes,3+,Not Graduate,Yes,2128,1469,24,120,1,Rural,Y,3597
LP1592,Male,Yes,1,Graduate,No,3318,6335,149,300,1,Semiurban,Y,9653
LP1593,Male,Yes,1,Graduate,No,5242,0,74,360,1,Urban,N,5242
LP1594,Female,Yes,0,Graduate,Yes,8320,3966,143,360,1,Rural,Y,12286
LP1595,Male,No,0,Not Graduate,No,3554,758,60,360,1,Urban,Y,4312
LP1596,Female,Yes,0,Graduate,No,3146,1683,29,360,1,Semiurban,N,4829
LP1597,Male,Yes,2,Graduate,Yes,1662,1380,74,360,1,Urban,Y,3042
LP1598,Male,Yes,0,Graduate,No,4683,731,110,360,1,Rural,Y,5414
LP1599,Male,No,0,Not Graduate,No,12345,0,147,360,1,Urban,Y,12345
LP1600,Male,Yes,3+,Graduate,No,5109,1114,109,180,1,Urban,Y,6223
LP1601,Male,Yes,0,Not Graduate,No,4398,3261,71,360,1,Semiurban,Y,7659
LP1602,Male,Yes,0,Graduate,No,5224,690,46,360,1,Rural,Y,5914
LP1603,Male,No,0,Graduate,No,4422,0,50,180,0,Semiurban,N,4422
LP1604,Male,No,1,Graduate,No,2962,807,53,360,1,Urban,Y,3769
LP1605,Male,Yes,3+,Not Graduate,No,6712,2203,89,120,1,Urban,Y,8915
LP1606,Male,No,0,Not Graduate,No,4978,0,69,360,1,Semiurban,Y,4978
LP1607,Male,Yes,2,Graduate,No,4486,1082,70,240,1,Rural,Y,5568
LP1608,Male,Yes,0,Graduate,Yes,2731,3894,66,180,1,Rural,Y,6625
LP1609,Female,No,3+,Graduate,Yes,8533,598,114,360,1,Semiurban,Y,9131
LP1610,Male,Yes,2,Graduate,No,6200,6680,165,180,1,Rural,Y,12880
LP1611,Female,Yes,2,Graduate,No,3373,1831,62,360,1,Semiurban,Y,5204
LP1612,Male,Yes,0,Graduate,No,7339,0,110,300,1,Semiurban,Y,7339
LP1613,Male,Yes,3+,Graduate,No,3468,1381,23,360,1,Semiurban,Y,4849
LP1614,Female,Yes,1,Graduate,No,3008,3744,87,360,1,Semiurban,Y,6752
LP1615,Female,No,0,Graduate,No,3042,1068,16,360,1,Rural,Y,4110
LP1616,Male,Yes,2,Graduate,No,1834,921,10,300,1,Semiurban,Y,2755
LP1617,Male,Yes,0,Graduate,No,5629,1481,63,360,1,Urban,Y,7110
LP1618,Female,Yes,2,Graduate,No,1780,0,10,300,1,Urban,Y,1780
LP1619,Female,No,0,Not Graduate,No,2406,9307,116,60,1,Urban,Y,11713
LP1620,Male,Yes,1,Graduate,No,1575,0,12,360,1,Semiurban,Y,1575
LP1621,Male,Yes,0,Graduate,No,4260,0,68,240,1,Urban,Y,4260
LP1622,Male,Yes,0,Graduate,No,4125,0,38,84,1,Urban,Y,4125
LP1623,Male,Yes,0,Graduate,No,3777,745,11,360,1,Semiurban,Y,4522
LP1624,Male,Yes,0,Graduate,No,2640,0,58,360,1,Semiurban,Y,2640
LP1625,Male,No,0,Graduate,Yes,2475,0,10,360,1,Semiurban,Y,2475
LP1626,Male,Yes,0,Not Graduate,No,5609,0,61,360,1,Semiurban,N,5609
LP1627,Female,No,1,Graduate,No,3377,0,49,360,1,Rural,Y,3377
LP1628,Male,Yes,0,Graduate,No,5209,4534,113,360,1,Rural,Y,9743
LP1629,Male,No,0,Graduate,No,2857,4134,105,360,1,Rural,Y,6991
LP1630,Female,Yes,1,Graduate,No,4868,0,66,360,1,Semiurban,Y,4868
LP1631,Female,Yes,0,Graduate,No,8533,684,81,360,1,Urban,Y,9217
LP1632,Male,Yes,3+,Graduate,No,5962,1041,132,120,1,Rural,Y,7003
LP1633,Male,No,2,Graduate,No,3618,2157,69,180,1,Urban,Y,5775
LP1634,Male,Yes,1,Graduate,No,5057,0,53,360,1,Urban,Y,5057
LP1635,Male,Yes,1,Graduate,No,3943,256,71,180,1,Semiurban,Y,4199
LP1636,Male,Yes,2,Graduate,No,4465,0,56,180,1,Urban,Y,4465
LP1637,Male,No,0,Not Graduate,Yes,3779,0,52,300,1,Rural,Y,3779
LP1638,Male,Yes,0,Graduate,No,4096,0,108,360,1,Semiurban,Y,4096
LP1639,Male,No,0,Graduate,No,4945,5780,112,360,0,Semiurban,N,10725
LP1640,Male,No,2,Graduate,No,2706,0,22,60,1,Semiurban,Y,2706
LP1641,Male,Yes,0,Not Graduate,Yes,2676,0,33,60,1,Semiurban,Y,2676
LP1642,Male,No,1,Graduate,No,2221,0,51,180,0,Urban,N,2221
LP1643,Male,Yes,3+,Graduate,No,1998,4204,31,240,1,Semiurban,Y,6202
LP1644,Male,No,2,Graduate,No,2420,7876,65,360,1,Semiurban,Y,10296
LP1645,Female,Yes,0,Graduate,No,4816,0,39,360,0,Semiurban,N,4816
LP1646,Male,No,0,Graduate,No,2846,677,10,360,1,Semiurban,Y,3523
LP1647,Female,No,2,Graduate,No,5749,1439,69,360,1,Urban,Y,7188
LP1648,Female,No,1,Graduate,No,4525,1325,78,240,1,Urban,N,5850
LP1649,Male,No,0,Graduate,Yes,1662,0,66,360,1,Urban,Y,1662
LP1650,Male,Yes,0,Graduate,No,6170,3353,70,360,1,Urban,Y,9523
LP1651,Male,Yes,3+,Graduate,Yes,6670,0,76,60,1,Rural,Y,6670
LP1652,Male,No,1,Graduate,No,2706,1922,73,360,0,Rural,N,4628
LP1653,Female,Yes,2,Graduate,No,5487,0,19,84,0,Semiurban,N,5487
LP1654,Male,Yes,2,Graduate,No,2898,6619,66,84,0,Semiurban,N,9517
LP1655,Male,No,1,Not Graduate,No,4670,1140,85,360,1,Semiurban,Y,5810
LP1656,Male,No,0,Graduate,No,2363,1901,71,360,0,Urban,N,4264
LP1657,Male,No,0,Graduate,No,1814,0,51,360,1,Urban,Y,1814
LP1658,Male,Yes,0,Graduate,No,3672,5072,152,360,1,Rural,Y,8744
LP1659,Male,No,0,Not Graduate,No,4180,0,38,360,1,Semiurban,Y,4180
LP1660,Male,Yes,2,Graduate,No,3645,1781,63,360,0,Rural,N,5426
LP1661,Female,No,1,Graduate,No,2460,1644,35,84,1,Urban,Y,4104
LP1662,Male,Yes,2,Graduate,No,3641,1202,54,360,1,Semiurban,N,4843
LP1663,Male,No,0,Graduate,No,5088,8549,190,180,1,Urban,Y,13637
LP1664,Male,Yes,1,Graduate,Yes,4348,814,24,360,1,Urban,Y,5162
LP1665,Male,Yes,1,Graduate,No,4872,3621,73,360,1,Semiurban,Y,8493
LP1666,Male,No,1,Graduate,No,3181,2491,97,60,1,Urban,Y,5672
LP1667,Male,Yes,1,Not Graduate,No,7989,0,114,360,1,Urban,Y,7989
LP1668,Male,No,0,Graduate,No,2470,992,29,360,1,Urban,Y,3462
LP1669,Male,No,0,Graduate,Yes,5675,935,95,180,1,Urban,Y,6610
LP1670,Male,Yes,0,Graduate,No,8030,4849,152,180,1,Semiurban,Y,12879
LP1671,Female,No,0,Graduate,No,5656,0,100,180,1,Semiurban,Y,5656
LP1672,Male,No,0,Graduate,No,4019,450,52,360,1,Urban,Y,4469
LP1673,Male,Yes,1,Graduate,No,3415,1113,76,360,1,Urban,Y,4528
LP1674,Male,Yes,3+,Graduate,Yes,7465,2560,177,300,1,Urban,Y,10025
LP1675,Female,No,1,Not Graduate,No,2183,3843,82,60,1,Semiurban,Y,6026
LP1676,Male,No,1,Not Graduate,No,2738,981,43,360,1,Urban,N,3719
LP1677,Male,No,0,Graduate,No,3645,131,60,120,1,Semiurban,Y,3776
LP1678,Female,No,1,Graduate,No,8257,0,83,360,1,Urban,Y,8257
LP1679,Female,Yes,0,Not Graduate,No,5377,0,119,360,0,Urban,N,5377
LP1680,Female,No,0,Graduate,No,2741,294,38,360,1,Rural,Y,3035
LP1681,Male,Yes,0,Not Graduate,No,3808,141,37,360,1,Semiurban,Y,3949
LP1682,Male,Yes,0,Graduate,No,3271,3762,57,360,1,Urban,Y,7033
LP1683,Female,Yes,0,Graduate,No,3118,2030,85,360,0,Rural,N,5148
LP1684,Female,Yes,0,Graduate,No,7255,0,102,360,1,Semiurban,Y,7255
LP1685,Male,Yes,0,Graduate,No,2240,6311,83,240,1,Rural,Y,8551
LP1686,Male,Yes,3+,Graduate,No,9941,0,125,180,1,Semiurban,Y,9941
LP1687,Male,No,0,Graduate,No,6729,0,37,360,1,Semiurban,Y,6729
LP1688,Female,Yes,0,Graduate,No,7673,516,96,60,1,Rural,Y,8189
LP1689,Male,Yes,0,Graduate,No,3528,0,51,360,1,Urban,Y,3528
LP1690,Male,Yes,0,Graduate,No,4126,422,66,360,1,Semiurban,Y,4548
LP1691,Male,Yes,0,Not Graduate,No,2172,1471,21,240,1,Semiurban,Y,3643
LP1692,Male,Yes,0,Graduate,No,3421,1446,22,360,1,Urban,Y,4867
LP1693,Male,Yes,0,Not Graduate,No,5692,0,41,360,1,Urban,Y,5692
LP1694,Male,Yes,0,Graduate,No,8502,0,61,360,1,Urban,Y,8502
LP1695,Male,No,0,Graduate,No,2557,0,62,120,0,Semiurban,N,2557
LP1696,Male,Yes,0,Not Graduate,Yes,3704,3405,118,360,1,Semiurban,Y,7109
LP1697,Male,Yes,0,Graduate,No,4123,12575,194,120,1,Semiurban,Y,16698
LP1698,Male,Yes,0,Graduate,No,2213,1361,70,360,1,Urban,Y,3574
LP1699,Male,No,0,Graduate,No,5977,0,70,180,1,Semiurban,Y,5977
LP1700,Male,Yes,2,Graduate,No,3096,2256,57,240,0,Rural,N,5352
LP1701,Male,Yes,1,Graduate,No,4033,0,36,180,1,Semiurban,Y,4033
LP1702,Male,Yes,0,Not Graduate,No,3548,0,32,360,1,Semiurban,Y,3548
LP1703,Male,Yes,0,Graduate,No,2997,1401,66,360,0,Rural,N,4398
LP1704,Male,Yes,3+,Graduate,No,4431,1087,68,240,1,Rural,N,5518
LP1705,Female,Yes,0,Graduate,No,3993,0,43,360,0,Semiurban,N,3993
LP1706,Male,Yes,0,Graduate,No,3693,0,60,360,1,Rural,Y,3693
LP1707,Female,Yes,1,Graduate,No,3090,1569,54,360,0,Semiurban,N,4659
LP1708,Male,Yes,0,Graduate,No,5217,0,54,60,1,Rural,Y,5217
LP1709,Male,No,0,Graduate,No,10166,0,91,360,1,Urban,Y,10166
LP1710,Female,No,0,Graduate,Yes,4769,837,66,360,0,Urban,N,5606
LP1711,Male,No,2,Graduate,No,7318,1867,121,360,1,Urban,Y,9185
LP1712,Male,No,0,Graduate,Yes,2219,3252,32,360,1,Rural,Y,5471
LP1713,Male,Yes,1,Graduate,No,4812,416,60,180,1,Semiurban,Y,5228
LP1714,Male,Yes,3+,Graduate,No,2569,2786,65,360,0,Urban,N,5355
LP1715,Female,Yes,0,Not Graduate,No,2125,0,10,360,1,Urban,N,2125
LP1716,Female,Yes,0,Graduate,No,3073,3791,62,240,1,Rural,N,6864
LP1717,Female,No,0,Graduate,No,8070,760,104,240,1,Rural,Y,8830
LP1718,Male,Yes,0,Graduate,No,7151,0,51,360,1,Semiurban,Y,7151
LP1719,Female,No,0,Graduate,No,5022,4891,119,60,0,Semiurban,N,9913
LP1720,Female,Yes,3+,Graduate,No,2067,0,10,180,1,Semiurban,Y,2067
LP1721,Male,No,1,Graduate,No,4031,0,71,120,1,Semiurban,Y,4031
LP1722,Male,Yes,1,Graduate,No,5171,0,116,360,1,Rural,Y,5171
LP1723,Female,Yes,0,Graduate,No,4855,1076,44,360,1,Urban,Y,5931
LP1724,Male,Yes,0,Graduate,No,1769,6795,109,60,1,Semiurban,Y,8564
LP1725,Female,Yes,3+,Graduate,Yes,2849,963,24,60,1,Urban,Y,3812
LP1726,Male,Yes,2,Graduate,No,4307,711,82,360,1,Semiurban,Y,5018
LP1727,Female,Yes,0,Graduate,No,5815,0,66,360,1,Semiurban,Y,5815
LP1728,Male,No,1,Not Graduate,No,1483,0,28,360,1,Semiurban,Y,1483
LP1729,Male,Yes,0,Not Graduate,Yes,4101,0,24,360,1,Urban,Y,4101
LP1730,Male,Yes,0,Not Graduate,No,4777,0,48,360,1,Semiurban,Y,4777
LP1731,Female,Yes,0,Not Graduate,No,6801,0,50,360,0,Urban,N,6801
LP1732,Female,No,1,Not Graduate,No,6288,1678,109,120,1,Urban,Y,7966
LP1733,Male,Yes,1,Graduate,No,5951,2250,70,360,1,Urban,Y,8201
LP1734,Male,Yes,0,Graduate,No,2981,4256,94,180,1,Rural,Y,7237
LP1735,Female,Yes,0,Graduate,No,1713,0,10,360,1,Semiurban,Y,1713
LP1736,Male,Yes,0,Graduate,No,3654,1523,55,360,0,Semiurban,N,5177
LP1737,Female,No,0,Graduate,No,7338,0,85,360,1,Semiurban,Y,7338
LP1738,Male,Yes,0,Graduate,No,8926,0,80,360,1,Semiurban,Y,8926
LP1739,Male,Yes,0,Graduate,No,6344,5683,139,240,1,Semiurban,Y,12027
LP1740,Male,Yes,2,Graduate,No,5512,2026,122,120,1,Semiurban,Y,7538
LP1741,Male,Yes,0,Not Graduate,No,5377,0,40,360,1,Urban,Y,5377
LP1742,Female,Yes,0,Graduate,Yes,3368,740,75,360,1,Semiurban,Y,4108
LP1743,Male,Yes,0,Graduate,No,4167,0,84,360,0,Semiurban,N,4167
LP1744,Male,No,3+,Graduate,Yes,10245,3293,130,120,0,Rural,N,13538
LP1745,Female,Yes,1,Graduate,Yes,2776,3042,28,240,1,Rural,Y,5818
LP1746,Male,No,1,Not Graduate,No,9971,3040,152,360,1,Urban,Y,13011
LP1747,Male,Yes,0,Graduate,No,3786,0,28,180,1,Urban,Y,3786
LP1748,Female,Yes,1,Not Graduate,No,8628,6414,214,120,0,Semiurban,N,15042
LP1749,Male,Yes,0,Graduate,No,2201,1169,66,360,0,Urban,N,3370
LP1750,Male,No,1,Graduate,Yes,5961,4272,94,360,1,Urban,Y,10233
LP1751,Female,Yes,3+,Graduate,No,3077,0,10,60,1,Rural,Y,3077
LP1752,Male,No,1,Graduate,No,2192,1046,63,180,1,Urban,Y,3238
LP1753,Male,No,2,Graduate,Yes,4961,3082,75,360,1,Rural,Y,8043
LP1754,Male,Yes,1,Graduate,No,7367,2614,112,360,1,Semiurban,Y,9981
LP1755,Female,Yes,0,Graduate,No,2915,2493,84,360,1,Rural,Y,5408
LP1756,Male,Yes,3+,Not Graduate,No,2102,1945,33,360,1,Urban,Y,4047
LP1757,Male,Yes,0,Graduate,No,4247,1747,65,180,1,Urban,Y,5994
LP1758,Female,No,0,Not Graduate,Yes,4257,15515,219,360,1,Semiurban,Y,19772
LP1759,Female,No,0,Graduate,Yes,5850,0,82,180,1,Urban,Y,5850
LP1760,Male,Yes,0,Graduate,No,7149,3465,133,120,1,Urban,Y,10614
LP1761,Male,Yes,0,Graduate,No,4317,0,42,360,1,Urban,Y,4317
LP1762,Male,No,0,Graduate,Yes,11246,4476,176,360,1,Urban,Y,15722
LP1763,Female,Yes,0,Graduate,No,4975,0,46,360,1,Urban,Y,4975
LP1764,Male,No,1,Graduate,Yes,3740,1851,25,180,1,Rural,Y,5591
LP1765,Male,Yes,0,Graduate,No,1987,0,29,360,1,Urban,Y,1987
LP1766,Female,No,0,Not Graduate,No,3900,0,91,360,1,Urban,N,3900
LP1767,Female,Yes,1,Graduate,Yes,3759,104,21,120,1,Semiurban,N,3863
LP1768,Male,Yes,0,Graduate,No,7188,0,61,360,1,Rural,Y,7188
LP1769,Female,Yes,1,Graduate,No,5604,0,40,60,1,Urban,Y,5604
LP1770,Male,Yes,1,Graduate,No,2466,0,46,84,1,Urban,Y,2466
LP1771,Male,Yes,2,Graduate,No,4847,1840,86,360,1,Semiurban,Y,6687
LP1772,Male,No,1,Graduate,No,6221,620,66,360,1,Rural,Y,6841
LP1773,Male,No,0,Graduate,No,9547,1729,102,300,1,Rural,Y,11276
LP1774,Female,Yes,1,Graduate,No,6931,705,87,300,1,Semiurban,Y,7636
LP1775,Male,Yes,0,Graduate,No,6506,2769,64,360,1,Urban,Y,9275
LP1776,Male,Yes,0,Graduate,No,4583,0,55,360,1,Semiurban,Y,4583
LP1777,Female,Yes,2,Not Graduate,No,5400,0,82,360,1,Urban,N,5400
LP1778,Female,Yes,0,Not Graduate,Yes,8306,887,71,84,0,Semiurban,N,9193
LP1779,Male,Yes,2,Graduate,No,2284,0,10,360,1,Semiurban,Y,2284
LP1780,Female,Yes,2,Graduate,No,3734,0,81,360,1,Rural,Y,3734
LP1781,Male,Yes,2,Graduate,No,3022,3399,56,120,1,Urban,Y,6421
LP1782,Male,Yes,3+,Graduate,No,5375,2884,120,360,0,Urban,N,8259
LP1783,Male,Yes,0,Graduate,No,8226,0,88,360,1,Semiurban,Y,8226
LP1784,Male,No,0,Graduate,No,3299,0,33,360,1,Semiurban,Y,3299
LP1785,Female,Yes,1,Graduate,No,1346,2626,55,120,0,Rural,N,3972
LP1786,Male,No,0,Graduate,Yes,3619,7661,103,360,1,Urban,Y,11280
LP1787,Male,Yes,1,Graduate,No,7022,1399,97,180,0,Urban,N,8421
LP1788,Male,Yes,1,Not Graduate,No,5819,2048,78,180,0,Semiurban,N,7867
LP1789,Female,No,1,Not Graduate,No,5509,680,36,360,1,Urban,Y,6189
LP1790,Male,No,0,Graduate,Yes,3866,828,61,360,1,Rural,Y,4694
LP1791,Male,No,0,Not Graduate,No,2346,1974,66,360,1,Semiurban,N,4320
LP1792,Male,Yes,0,Not Graduate,No,5754,0,60,360,1,Rural,Y,5754
LP1793,Male,Yes,0,Graduate,Yes,2930,1436,18,240,1,Semiurban,Y,4366
LP1794,Male,No,2,Graduate,No,13254,0,187,240,1,Rural,Y,13254
LP1795,Female,Yes,0,Graduate,No,5915,0,88,360,1,Urban,Y,5915
LP1796,Female,Yes,0,Not Graduate,No,3326,1117,73,360,1,Rural,Y,4443
LP1797,Male,Yes,0,Not Graduate,No,3276,2358,55,360,1,Urban,Y,5634
LP1798,Female,Yes,1,Graduate,No,4245,470,10,240,1,Semiurban,Y,4715
LP1799,Male,No,1,Graduate,No,3945,0,93,360,1,Urban,Y,3945
